Rk,Player,Age,Team,Pos,G,GS,MP,PER,TS%,3PAr,FTr,ORB%,DRB%,TRB%,AST%,STL%,BLK%,TOV%,USG%,OWS,DWS,WS,WS/48,OBPM,DBPM,BPM,VORP,Awards,Player-additional\
1,Khris Middleton,29,MIL,SF,23,23,922,16.5,.548,.387,.215,2.8,17.7,10.1,19.6,1.9,0.4,13.0,26.4,0.6,1.6,2.2,.115,1.5,1.1,2.6,1.1,,middlkh01\
2,Jrue Holiday,30,MIL,PG,23,23,912,15.2,.482,.365,.144,3.7,12.0,7.8,31.4,2.1,1.0,11.9,22.1,0.5,1.6,2.1,.111,1.2,1.2,2.4,1.0,,holidjr01\
3,Devin Booker,24,PHO,SG,22,22,889,16.1,.558,.289,.310,2.0,12.9,7.8,18.3,1.0,0.4,13.1,31.8,0.1,1.1,1.2,.066,0.7,-1.1,-0.4,0.4,,bookede01\
4,Deandre Ayton,22,PHO,C,22,22,801,19.5,.674,.000,.226,9.9,25.3,18.1,4.7,1.1,2.8,9.8,16.3,1.9,1.5,3.4,.203,2.1,0.9,3.0,1.0,,aytonde01\
5,Giannis Antetokounmpo,26,MIL,PF,21,21,800,27.6,.599,.159,.469,7.8,28.7,18.0,24.3,1.3,2.9,10.8,31.8,2.0,1.7,3.7,.224,6.7,3.2,9.9,2.4,Finals MVP-1,antetgi01\
6,Paul George,30,LAC,SF,19,19,776,20.0,.578,.406,.412,2.6,24.4,13.6,21.8,1.3,1.3,13.2,30.5,1.1,0.8,1.9,.116,2.5,0.0,2.5,0.9,,georgpa01\
7,Jae Crowder,30,PHO,PF,22,22,729,11.4,.594,.772,.190,1.6,17.9,10.2,7.5,1.3,2.3,8.7,13.7,0.6,1.2,1.8,.119,0.2,1.7,1.9,0.7,,crowdja01\
8,Mikal Bridges,24,PHO,SF,22,22,707,12.9,.603,.500,.147,3.3,11.0,7.4,7.1,1.6,2.0,7.3,14.1,0.8,1.0,1.8,.125,0.8,0.9,1.7,0.7,,bridgmi01\
9,Chris Paul,35,PHO,PG,20,20,683,20.7,.584,.217,.217,1.6,9.4,5.7,39.5,1.7,0.4,11.6,24.8,1.7,0.9,2.5,.178,4.3,0.7,5.0,1.2,,paulch01\
10,P.J. Tucker,35,MIL,PF,23,19,681,6.8,.491,.602,.041,7.4,10.1,8.7,4.5,1.6,0.4,9.1,6.9,0.4,1.0,1.4,.101,-3.4,1.7,-1.7,0.0,,tuckepj01\
11,Brook Lopez,32,MIL,C,23,23,667,16.9,.632,.332,.198,7.6,14.3,10.9,1.3,1.3,4.7,9.6,16.8,1.1,1.3,2.4,.170,0.6,1.5,2.1,0.7,,lopezbr01\
12,Reggie Jackson,30,LAC,SG,19,17,622,17.3,.626,.563,.163,1.3,9.7,5.6,16.9,1.5,0.5,9.4,22.3,1.3,0.4,1.7,.129,2.6,0.3,2.9,0.8,,jacksre01\
13,Marcus Morris,31,LAC,PF,19,18,604,11.6,.542,.480,.160,2.5,12.8,7.8,6.9,0.9,1.6,3.2,17.0,0.6,0.4,0.9,.074,-0.4,-0.8,-1.2,0.1,,morrima03\
14,Trae Young,22,ATL,PG,16,16,603,21.2,.551,.401,.373,1.3,6.8,4.1,44.8,1.6,0.0,13.3,35.4,0.8,0.6,1.4,.114,6.8,-0.5,6.3,1.3,,youngtr01\
15,Bogdan Bogdanovi\uc0\u263 ,28,ATL,SG,18,18,598,10.9,.493,.574,.068,2.0,11.6,6.8,13.4,2.4,0.7,9.5,21.0,-0.4,0.9,0.5,.037,-0.1,0.5,0.4,0.4,,bogdabo01\
16,John Collins,23,ATL,PF,18,18,576,15.3,.632,.308,.198,6.9,22.7,14.9,4.4,0.7,1.6,10.4,17.0,0.9,0.8,1.7,.140,1.1,-0.2,0.9,0.4,,collijo01\
17,Clint Capela,26,ATL,C,18,18,569,15.8,.591,.000,.287,11.8,26.6,19.3,4.5,1.0,2.9,10.5,13.3,0.8,1.0,1.7,.147,0.8,0.5,1.3,0.5,,capelca01\
18,Kevin Huerter,22,ATL,SG,18,10,558,11.2,.531,.528,.094,2.2,11.2,6.7,13.6,1.2,2.5,9.2,16.4,0.2,0.7,0.9,.076,-0.2,1.3,1.2,0.4,,huertke01\
19,Nicolas Batum,32,LAC,SF,19,10,555,14.9,.642,.661,.211,4.0,17.7,10.9,9.8,2.2,1.8,4.8,10.5,1.2,0.6,1.8,.155,2.0,2.2,4.3,0.9,,batumni01\
20,Pat Connaughton,28,MIL,SG,23,1,546,11.2,.633,.798,.109,5.6,14.4,9.9,4.8,0.9,1.0,8.8,10.7,0.8,0.8,1.6,.143,-0.1,0.9,0.8,0.4,,connapa01\
21,Kevin Durant,32,BRK,PF,12,12,485,26.9,.630,.291,.358,1.2,23.1,12.6,20.2,1.9,3.5,11.4,34.5,1.2,1.0,2.2,.214,7.8,2.2,10.0,1.5,,duranke01\
22,Cameron Johnson,24,PHO,PF,21,0,443,14.8,.693,.673,.291,4.3,11.9,8.3,5.0,2.2,0.8,10.8,14.3,0.8,0.7,1.5,.163,2.4,1.9,4.3,0.7,,johnsca02\
23,Danilo Gallinari,32,ATL,PF,18,0,442,13.3,.587,.483,.299,2.0,15.2,8.6,4.9,0.7,0.6,7.1,21.2,0.5,0.5,1.0,.108,1.2,-0.6,0.7,0.3,,gallida01\
24,Tobias Harris,28,PHI,PF,12,12,438,17.8,.561,.200,.186,2.6,22.3,12.8,14.9,1.3,0.9,7.2,24.6,0.5,0.7,1.2,.135,1.6,0.7,2.3,0.5,,harrito02\
25,Joe Harris,29,BRK,SF,12,12,434,7.1,.537,.667,.033,1.3,9.3,5.5,6.0,0.5,0.4,6.7,14.0,0.0,0.4,0.5,.053,-1.5,-1.7,-3.2,-0.1,,harrijo01\
26,Kawhi Leonard,29,LAC,SF,11,11,432,30.6,.679,.286,.352,6.0,16.6,11.4,20.9,2.8,2.0,8.9,29.1,2.0,0.5,2.5,.277,8.1,2.6,10.7,1.4,,leonaka01\
27,Cameron Payne,26,PHO,PG,22,2,418,15.1,.510,.358,.093,1.7,12.3,7.3,25.5,2.1,2.4,10.7,24.6,0.0,0.7,0.7,.078,1.1,1.1,2.2,0.4,,payneca01\
28,Royce O'Neale,27,UTA,SF,11,11,404,13.1,.687,.706,.141,4.8,17.7,11.5,7.9,1.5,0.7,8.1,10.8,0.9,0.1,1.0,.120,1.4,1.6,3.1,0.5,,onealro01\
29,Ben Simmons,24,PHI,PG,12,12,402,18.1,.562,.011,.768,7.1,18.5,13.0,35.7,1.8,2.0,17.5,16.5,0.7,0.7,1.4,.173,1.5,2.8,4.3,0.6,,simmobe01\
30,Bojan Bogdanovi\uc0\u263 ,31,UTA,SF,11,11,390,13.8,.642,.555,.299,1.9,11.7,7.0,6.2,1.3,0.0,12.9,20.2,0.6,0.0,0.5,.067,1.1,-0.6,0.5,0.2,,bogdabo02\
31,Seth Curry,30,PHI,SG,12,12,381,18.8,.727,.551,.129,1.2,6.7,4.0,11.1,1.1,0.6,6.0,18.7,1.2,0.4,1.6,.206,3.9,1.4,5.3,0.7,,curryse01\
32,Terance Mann,24,LAC,SG,19,6,378,14.1,.619,.356,.269,5.3,10.6,8.0,5.5,1.4,1.3,3.3,14.8,0.8,0.2,1.0,.133,-0.2,0.0,-0.2,0.2,,mannte01\
33,Rudy Gobert,28,UTA,C,11,11,376,21.4,.736,.012,.815,13.9,27.3,20.9,3.6,0.8,5.5,13.4,15.0,1.2,0.3,1.5,.192,1.6,1.0,2.6,0.4,,goberru01\
34,Bobby Portis,25,MIL,C,20,2,366,17.1,.543,.344,.166,9.5,20.0,14.6,4.8,1.9,1.7,5.3,20.0,0.5,0.7,1.2,.159,0.9,0.0,1.0,0.3,,portibo01\
35,Joel Embiid,26,PHI,C,11,11,357,26.2,.631,.208,.553,5.1,29.7,17.8,17.2,1.5,3.6,14.6,34.6,0.7,0.8,1.5,.197,4.7,2.8,7.5,0.9,,embiijo01\
36,Donovan Mitchell,24,UTA,PG,10,10,346,26.4,.602,.489,.323,1.1,12.6,7.1,30.3,1.6,0.5,9.4,38.0,1.2,0.0,1.2,.173,8.2,-0.4,7.8,0.9,,mitchdo01\
37,Nikola Joki\uc0\u263 ,25,DEN,C,10,10,345,29.6,.591,.232,.241,11.3,28.0,19.0,27.7,0.9,2.5,8.7,34.8,1.2,0.1,1.3,.181,8.8,0.2,9.0,0.9,,jokicni01\
38,Michael Porter Jr.,22,DEN,SF,10,10,332,14.9,.603,.541,.156,3.8,18.4,10.5,5.9,1.7,0.9,10.0,21.0,0.3,0.1,0.4,.058,0.6,-1.2,-0.6,0.1,,portemi01\
39,Kyrie Irving,28,BRK,PG,9,9,325,20.0,.582,.399,.172,4.3,13.0,8.8,15.8,1.4,1.4,5.9,26.0,0.6,0.5,1.1,.164,4.1,-0.6,3.5,0.5,,irvinky01\
40,Patrick Beverley,32,LAC,PG,17,7,323,12.0,.560,.544,.206,4.0,10.6,7.3,10.3,1.9,3.6,5.1,11.3,0.5,0.3,0.8,.116,-0.4,1.9,1.6,0.3,,beverpa01\
41,James Harden,31,BRK,PG,9,9,322,23.9,.673,.611,.574,2.5,16.4,9.8,35.1,2.3,1.7,16.1,22.7,1.2,0.6,1.8,.263,7.0,2.0,9.1,0.9,,hardeja01\
42,Blake Griffin,31,BRK,PF,12,12,318,14.6,.634,.456,.177,5.4,18.6,12.3,9.3,1.6,1.7,5.5,12.9,0.7,0.5,1.2,.181,0.9,1.6,2.4,0.4,,griffbl01\
43,Joe Ingles,33,UTA,SF,11,6,306,13.8,.661,.734,.165,0.4,12.0,6.5,17.7,1.1,0.0,9.6,13.6,0.8,0.0,0.7,.115,2.1,0.2,2.2,0.3,,inglejo01\
44,Austin Rivers,28,DEN,SG,10,9,305,7.5,.605,.667,.232,0.3,6.4,3.1,9.0,0.3,0.9,10.6,12.1,0.3,-0.1,0.1,.022,-3.4,-1.0,-4.4,-0.2,,riverau01\
45,Ivica Zubac,23,LAC,C,17,7,301,17.6,.681,.000,.860,16.8,21.2,19.0,3.3,0.3,3.9,16.9,14.6,0.8,0.3,1.1,.177,0.2,-0.4,-0.3,0.1,,zubaciv01\
46,Aaron Gordon,25,DEN,PF,10,10,299,10.5,.505,.232,.253,7.4,13.5,10.2,9.4,0.8,0.9,11.3,18.0,0.0,0.0,0.0,-0.001,-2.2,-1.8,-4.0,-0.2,,gordoaa01\
47,Jordan Clarkson,28,UTA,SG,11,0,298,14.1,.547,.588,.158,2.4,10.5,6.6,9.5,1.2,0.9,11.5,29.7,0.0,0.0,0.0,-0.003,0.9,-2.4,-1.5,0.0,,clarkjo01\
48,Monte Morris,25,DEN,PG,10,1,286,17.3,.532,.345,.250,2.6,7.3,4.7,28.1,1.7,0.7,5.2,20.7,0.6,0.0,0.6,.101,2.2,0.3,2.5,0.3,,morrimo01\
49,Luka Don\uc0\u269 i\u263 ,21,DAL,PG,7,7,281,27.5,.572,.388,.260,1.6,22.3,11.4,54.1,1.7,1.2,12.8,40.4,0.6,0.1,0.7,.127,10.0,1.8,11.8,1.0,,doncilu01\
50,Lou Williams,34,ATL,PG,18,2,277,14.7,.570,.273,.245,0.8,9.4,5.1,22.3,2.1,0.3,15.3,23.0,0.1,0.3,0.5,.079,0.9,1.0,1.9,0.3,,willilo02\
51,Bruce Brown,24,BRK,PG,12,5,277,14.0,.552,.139,.203,9.6,14.5,12.2,13.0,1.4,1.6,11.3,15.9,0.4,0.4,0.8,.137,-0.3,1.0,0.7,0.2,,brownbr01\
52,Bryn Forbes,27,MIL,SG,20,0,273,10.5,.567,.795,.071,0.8,10.4,5.5,3.1,0.4,0.7,5.7,19.2,0.2,0.3,0.5,.093,-0.1,-0.6,-0.7,0.1,,forbebr01\
53,Dorian Finney-Smith,27,DAL,PF,7,7,271,9.5,.544,.578,.078,6.9,13.1,9.9,7.7,1.5,0.8,15.3,13.1,0.1,0.1,0.2,.027,-0.9,0.0,-0.9,0.1,,finnedo01\
54,Facundo Campazzo,29,DEN,PG,10,9,270,12.4,.565,.649,.257,2.7,10.4,6.3,20.2,2.6,1.4,15.4,15.7,0.3,0.1,0.4,.064,-1.8,1.5,-0.3,0.1,,campafa01\
55,Torrey Craig,30,PHO,SF,22,0,266,10.0,.539,.493,.173,8.4,17.4,13.2,4.6,0.2,2.8,11.0,15.6,0.1,0.4,0.4,.081,-1.8,-0.8,-2.6,0.0,,craigto01\
56,Tim Hardaway Jr.,28,DAL,SG,7,7,262,11.1,.551,.564,.158,2.1,8.4,5.1,5.8,0.6,0.0,5.3,19.7,0.2,-0.1,0.2,.028,0.3,-2.3,-1.9,0.0,,hardati02\
57,Damian Lillard,30,POR,PG,6,6,248,30.4,.660,.582,.373,0.5,11.4,6.1,41.3,1.2,1.5,7.7,30.7,1.5,0.0,1.5,.286,12.2,0.0,12.2,0.8,,lillada01\
58,CJ McCollum,29,POR,SG,6,6,240,12.8,.518,.368,.114,3.0,14.1,8.7,17.0,0.4,1.5,9.1,24.7,0.1,0.0,0.0,.007,-0.4,-2.9,-3.3,-0.1,,mccolcj01\
59,Kristaps Porzi\uc0\u326 \u291 is,25,DAL,C,7,7,233,14.9,.572,.375,.264,3.3,16.3,9.5,5.8,2.0,2.3,3.6,16.2,0.4,0.1,0.5,.099,0.6,0.1,0.7,0.2,,porzikr01\
60,Robert Covington,30,POR,PF,6,6,228,11.5,.693,.611,.278,4.7,18.8,11.9,4.0,2.0,2.4,16.5,9.6,0.3,0.1,0.4,.078,0.0,1.3,1.3,0.2,,covinro01\
61,LeBron James,36,LAL,PG,6,6,224,20.1,.564,.421,.202,3.4,19.0,10.8,45.2,2.1,0.9,16.8,29.7,0.1,0.3,0.4,.092,6.5,2.7,9.2,0.6,,jamesle01\
62,Rajon Rondo,34,LAC,PG,13,0,220,10.6,.472,.528,.226,2.1,15.5,8.9,31.0,1.2,1.3,19.4,15.3,0.1,0.2,0.2,.054,-1.6,-1.1,-2.7,0.0,,rondora01\
63,Matisse Thybulle,23,PHI,SG,12,1,220,11.1,.581,.654,.096,2.1,6.3,4.2,1.8,3.5,4.1,3.6,11.0,0.1,0.5,0.6,.126,-2.2,4.6,2.4,0.2,,thybuma01\
64,Luke Kennard,24,LAC,SG,15,0,219,11.0,.638,.785,.031,2.7,4.7,3.7,4.7,0.5,0.0,4.4,14.6,0.4,0.0,0.4,.084,1.3,-1.5,-0.2,0.1,,kennalu01\
65,Norman Powell,27,POR,SF,6,6,216,14.3,.608,.342,.237,1.6,5.2,3.5,8.3,1.2,2.6,7.7,19.0,0.3,0.0,0.3,.064,0.4,-0.7,-0.3,0.1,,powelno01\
66,Landry Shamet,23,BRK,SG,12,0,206,6.6,.579,.634,.122,1.7,9.2,5.6,4.5,1.2,0.4,12.2,10.8,0.0,0.2,0.3,.066,-3.2,-0.1,-3.3,-0.1,,shamela01\
67,George Hill,34,PHI,PG,12,0,205,8.8,.575,.442,.302,2.8,5.7,4.3,11.1,1.9,1.2,17.0,12.3,0.1,0.3,0.4,.083,-2.7,1.6,-1.1,0.0,,hillge01\
68,Ja Morant,21,MEM,PG,5,5,203,21.5,.578,.274,.354,3.5,10.1,6.5,31.1,0.5,0.0,11.5,30.7,0.5,-0.1,0.3,.074,5.1,-2.3,2.8,0.2,,moranja01\
69,Danny Green,33,PHI,SF,8,8,199,13.0,.583,.771,.000,5.1,6.4,5.8,13.5,2.2,3.3,9.4,11.5,0.3,0.3,0.6,.143,1.4,2.0,3.5,0.3,,greenda02\
70,Dennis Schr\'f6der,27,LAL,SG,6,6,196,11.1,.528,.371,.371,0.6,10.2,5.2,15.2,1.6,0.5,10.9,20.8,0.0,0.2,0.2,.056,-1.6,0.7,-0.9,0.1,,schrode01\
71,Furkan Korkmaz,23,PHI,SG,12,4,195,11.3,.531,.603,.192,2.3,10.9,6.8,4.9,1.7,1.3,5.9,18.6,0.0,0.3,0.3,.076,-1.0,0.6,-0.4,0.1,,korkmfu01\
72,Bradley Beal,27,WAS,SG,5,5,195,17.5,.540,.260,.293,3.2,14.5,8.7,19.3,1.0,1.2,12.6,34.1,-0.1,0.0,0.0,-0.010,3.9,-2.3,1.6,0.2,,bealbr01\
73,JaMychal Green,30,DEN,PF,10,0,190,12.8,.551,.444,.200,9.4,22.5,15.4,7.7,0.5,1.0,5.8,11.9,0.3,0.0,0.3,.080,-0.1,-1.2,-1.3,0.0,,greenja01\
74,Maxi Kleber,29,DAL,PF,7,4,187,7.5,.559,.667,.233,3.0,13.1,7.8,7.1,0.8,0.0,2.9,8.3,0.2,0.0,0.2,.055,-1.9,0.2,-1.7,0.0,,klebima01\
75,Russell Westbrook,32,WAS,PG,5,5,186,15.7,.462,.238,.512,7.9,23.1,15.2,45.6,0.5,0.4,16.9,27.9,-0.1,0.0,0.0,-0.006,2.9,-1.2,1.7,0.2,,westbru01\
76,Jayson Tatum,22,BOS,SF,5,5,185,24.1,.577,.324,.441,1.8,17.2,9.1,22.8,1.6,4.1,8.9,33.3,0.5,-0.1,0.4,.114,5.7,0.7,6.5,0.4,,tatumja01\
77,Marcus Smart,26,BOS,PG,5,5,183,14.8,.591,.652,.318,2.4,12.0,7.0,25.6,1.4,0.5,15.7,20.7,0.3,-0.2,0.1,.027,1.3,-0.6,0.7,0.1,,smartma01\
78,Julius Randle,26,NYK,PF,5,5,180,7.2,.425,.351,.287,6.1,29.4,17.1,19.8,0.9,0.0,17.8,31.8,-0.7,0.3,-0.4,-0.109,-2.8,-0.7,-3.5,-0.1,,randlju01\
79,Mike Conley,33,UTA,PG,6,6,176,18.5,.613,.544,.235,2.1,11.4,6.9,39.4,0.3,1.5,15.7,22.4,0.6,0.0,0.6,.153,4.2,-1.2,3.0,0.2,,conlemi01\
80,Dillon Brooks,25,MEM,SF,5,5,175,20.6,.595,.206,.268,2.9,11.0,6.6,9.9,1.9,1.2,7.7,28.3,0.3,0.0,0.3,.080,2.3,0.3,2.6,0.2,,brookdi01\
81,Derrick Rose,32,NYK,PG,5,3,175,17.1,.551,.202,.107,2.3,10.3,6.1,29.3,0.6,0.6,8.3,24.3,0.2,0.2,0.4,.108,3.2,1.1,4.3,0.3,,rosede01\
82,Jusuf Nurki\uc0\u263 ,26,POR,C,6,6,173,17.7,.598,.091,.455,12.3,28.7,20.7,13.8,0.9,3.7,17.5,20.9,0.3,0.1,0.4,.105,-0.8,0.1,-0.8,0.1,,nurkiju01\
83,Rui Hachimura,22,WAS,PF,5,5,173,13.7,.708,.319,.255,3.0,20.3,11.3,4.3,0.5,0.5,8.7,13.8,0.3,0.0,0.3,.095,1.0,-0.2,0.8,0.1,,hachiru01\
84,Evan Fournier,28,BOS,SF,5,5,167,11.8,.564,.476,.190,3.3,9.5,6.2,6.6,1.8,0.0,6.8,18.6,0.2,-0.1,0.1,.015,-1.4,-0.8,-2.3,0.0,,fournev01\
85,Onyeka Okongwu,20,ATL,C,18,0,166,15.8,.596,.032,.677,13.9,17.6,15.8,1.7,1.5,6.7,9.0,11.8,0.3,0.3,0.6,.178,-1.1,1.4,0.3,0.1,,okongon01\
86,Jonas Valan\uc0\u269 i\u363 nas,28,MEM,C,5,5,166,17.7,.610,.138,.138,12.3,21.1,16.3,10.8,0.9,1.9,14.0,18.2,0.3,0.0,0.3,.081,1.0,-1.2,-0.2,0.1,,valanjo01\
87,RJ Barrett,20,NYK,SG,5,5,162,14.2,.489,.418,.224,2.5,22.3,11.8,16.6,1.3,1.2,2.6,20.7,0.1,0.3,0.3,.104,0.5,2.6,3.2,0.2,,barrerj01\
88,Reggie Bullock,29,NYK,SF,5,5,162,7.5,.534,.744,.128,3.1,8.3,5.6,5.9,0.9,0.6,8.8,12.4,0.0,0.2,0.2,.061,-2.4,1.1,-1.2,0.0,,bullore01\
89,Tyrese Maxey,20,PHI,SG,12,0,156,12.7,.502,.182,.333,0.7,14.3,7.7,14.7,0.9,3.1,6.2,22.3,0.0,0.2,0.2,.074,-2.0,0.8,-1.2,0.0,,maxeyty01\
90,Jimmy Butler,31,MIA,SF,4,4,154,9.7,.394,.234,.344,3.6,15.8,9.5,30.7,1.6,0.6,10.9,23.6,-0.3,0.1,-0.2,-0.064,-0.9,-0.5,-1.4,0.0,,butleji01\
91,De'Andre Hunter,23,ATL,SF,5,5,152,7.1,.519,.356,.356,1.4,12.8,7.2,2.8,0.3,1.7,11.9,17.2,-0.1,0.2,0.0,.012,-2.5,-0.7,-3.2,0.0,,huntede01\
92,Dwight Howard,35,PHI,C,12,0,149,16.2,.588,.033,1.333,19.9,34.9,27.6,6.9,0.6,3.3,20.1,17.2,0.2,0.3,0.5,.171,-2.7,0.2,-2.5,0.0,,howardw01\
93,Jeff Green,34,BRK,PF,6,1,148,12.3,.671,.545,.242,3.1,9.3,6.3,9.2,1.0,1.2,7.6,12.1,0.3,0.2,0.5,.156,1.5,1.1,2.6,0.2,,greenje02\
94,Dario \'8aari\uc0\u263 ,26,PHO,C,14,0,147,15.2,.616,.400,.311,7.2,18.6,13.2,13.4,0.7,0.6,10.5,17.8,0.3,0.2,0.5,.169,0.5,1.2,1.7,0.1,,saricda01\
95,Kentavious Caldwell-Pope,27,LAL,SG,5,5,146,5.9,.497,.655,.172,1.5,9.7,5.4,5.4,1.8,0.0,6.0,10.1,0.0,0.2,0.2,.057,-4.7,1.1,-3.6,-0.1,,caldwke01\
96,Solomon Hill,29,ATL,PF,14,3,145,1.1,.330,.750,.167,2.3,11.9,7.1,2.7,0.7,0.6,3.7,8.2,-0.2,0.1,0.0,-0.006,-5.5,-0.4,-5.9,-0.1,,hillso01\
97,Derrick Favors,29,UTA,C,11,0,145,14.7,.686,.000,.391,15.9,20.8,18.4,2.9,0.7,6.2,18.2,10.1,0.3,0.1,0.4,.125,-1.8,1.0,-0.7,0.0,,favorde01\
98,Anthony Davis,27,LAL,PF,5,5,144,20.9,.541,.177,.677,5.3,21.3,12.9,16.7,1.1,5.4,6.9,26.8,0.2,0.2,0.5,.159,3.2,2.8,6.0,0.3,,davisan02\
99,Carmelo Anthony,36,POR,PF,6,0,143,12.2,.571,.617,.183,1.7,13.4,7.7,9.4,0.7,0.6,9.7,22.7,0.1,0.0,0.1,.023,0.3,-2.1,-1.8,0.0,,anthoca01\
100,Kyle Anderson,27,MEM,PF,5,5,142,13.7,.480,.286,.095,2.9,17.8,9.7,14.2,4.8,0.0,8.4,14.2,0.0,0.1,0.1,.042,0.0,2.4,2.4,0.2,,anderky01\
101,Taj Gibson,35,NYK,C,5,3,138,14.4,.612,.000,.050,11.6,15.5,13.4,4.6,3.0,3.5,12.8,7.5,0.2,0.3,0.5,.159,-1.5,3.6,2.1,0.1,,gibsota01\
102,Jaren Jackson Jr.,21,MEM,C,5,5,137,15.9,.557,.519,.296,6.7,16.7,11.3,4.8,1.8,4.7,6.2,20.0,0.2,0.0,0.2,.076,-0.1,-0.4,-0.4,0.1,,jacksja02\
103,Bam Adebayo,23,MIA,C,4,4,136,14.9,.494,.000,.228,9.6,17.2,13.2,23.8,1.8,1.3,14.9,23.8,-0.1,0.1,0.0,.011,0.4,0.5,0.9,0.1,,adebaba01\
104,Tristan Thompson,29,BOS,C,5,5,132,22.6,.627,.000,.500,24.1,18.6,21.5,5.8,1.5,4.3,10.8,14.9,0.4,0.0,0.4,.140,2.3,-0.9,1.4,0.1,,thomptr01\
105,Nic Claxton,21,BRK,C,12,0,130,13.5,.495,.000,.103,12.4,15.5,14.0,7.4,1.5,8.3,11.7,12.0,0.1,0.3,0.4,.136,-2.6,2.2,-0.4,0.1,,claxtni01\
106,Georges Niang,27,UTA,PF,11,0,129,1.6,.429,.769,.103,1.9,14.7,8.6,8.4,0.0,0.7,16.4,16.8,-0.2,0.0,-0.3,-0.094,-6.1,-2.2,-8.2,-0.2,,niangge01\
107,Kyle Kuzma,25,LAL,SF,6,0,129,3.3,.366,.479,.188,3.4,17.4,10.1,8.9,0.8,0.8,10.4,20.0,-0.4,0.2,-0.2,-0.086,-5.1,-0.8,-5.9,-0.1,,kuzmaky01\
108,Alec Burks,29,NYK,SG,5,0,128,16.0,.544,.429,.339,3.9,17.6,10.3,19.2,0.4,0.0,5.9,23.7,0.2,0.1,0.3,.120,2.3,1.6,3.9,0.2,,burksal01\
109,Shake Milton,24,PHI,SG,12,0,121,4.4,.485,.404,.319,0.0,7.9,4.1,9.8,1.2,0.7,17.0,23.0,-0.2,0.1,-0.1,-0.039,-5.9,-1.8,-7.7,-0.2,,miltosh01\
110,Alex Caruso,26,LAL,PG,6,0,121,3.0,.450,.447,.053,1.8,5.9,3.7,4.1,0.4,3.2,15.3,16.9,-0.3,0.1,-0.1,-0.055,-5.4,-0.3,-5.7,-0.1,,carusal01\
111,Jeff Teague,32,MIL,PG,16,0,119,5.6,.446,.355,.355,1.8,5.5,3.6,13.8,1.2,0.0,14.3,15.1,-0.1,0.2,0.1,.032,-5.0,-1.3,-6.3,-0.1,,teaguje01\
112,Daniel Gafford,22,WAS,C,5,2,117,25.1,.807,.000,.923,12.5,14.5,13.5,3.9,2.0,6.9,7.6,14.1,0.5,0.1,0.6,.244,4.2,1.9,6.1,0.2,,gaffoda01\
113,Goran Dragi\uc0\u263 ,34,MIA,PG,4,2,117,12.7,.540,.481,.222,0.8,5.2,2.9,18.1,1.7,1.6,9.2,24.5,0.0,0.1,0.0,.005,1.0,0.6,1.6,0.1,,dragigo01\
114,Grayson Allen,25,MEM,SG,5,0,116,5.3,.478,.636,.030,2.6,10.4,6.2,1.1,0.8,0.9,2.9,12.5,0.0,-0.1,-0.1,-0.035,-3.7,-2.1,-5.7,-0.1,,allengr01\
115,Jalen Brunson,24,DAL,PG,7,0,114,15.3,.563,.295,.295,5.8,12.9,9.2,13.7,0.0,0.0,7.4,21.4,0.2,0.0,0.2,.071,2.2,-2.1,0.1,0.1,,brunsja01\
116,Markus Howard,21,DEN,SG,9,0,112,8.3,.554,.703,.054,0.9,6.5,3.5,4.9,0.0,0.8,0.0,14.7,0.1,-0.1,0.1,.023,-1.1,-1.9,-2.9,0.0,,howarma02\
117,Raul Neto,28,WAS,PG,5,3,112,5.5,.442,.441,.147,2.8,8.1,5.3,6.0,0.8,0.0,2.7,13.9,0.0,0.0,-0.1,-0.023,-3.7,-2.1,-5.8,-0.1,,netora01\
118,Ish Smith,32,WAS,PG,5,0,111,7.9,.395,.163,.000,0.9,15.3,7.8,18.0,3.0,1.5,10.4,18.1,-0.2,0.1,-0.1,-0.059,-3.6,0.9,-2.6,0.0,,smithis01\
119,Wesley Matthews,34,LAL,SG,6,1,110,6.2,.463,.758,.182,4.9,5.4,5.1,2.9,0.9,0.0,0.0,14.5,0.0,0.1,0.1,.051,-3.4,0.4,-3.0,0.0,,matthwe02\
120,Paul Millsap,35,DEN,PF,9,0,109,18.3,.520,.460,.260,8.7,29.1,18.1,20.9,1.4,5.2,12.6,25.4,0.1,0.1,0.1,.060,0.4,1.7,2.1,0.1,,millspa01\
121,Romeo Langford,21,BOS,SG,4,2,109,11.7,.533,.531,.125,5.0,5.6,5.3,6.7,1.4,1.7,2.9,13.5,0.1,-0.1,0.0,.016,0.6,-0.8,-0.1,0.1,,langfro01\
122,Anfernee Simons,21,POR,SG,6,0,107,15.2,.780,.720,.000,3.3,13.7,8.6,6.5,0.9,0.9,3.8,11.0,0.3,0.0,0.3,.132,3.8,-0.2,3.6,0.2,,simonan01\
123,D\uc0\u257 vis Bert\u257 ns,28,WAS,PF,4,2,106,8.5,.615,.852,.259,0.0,11.7,5.6,1.3,0.4,1.5,3.2,12.3,0.1,0.0,0.1,.057,-1.6,-1.1,-2.7,0.0,,bertada01\
124,Andre Drummond,27,LAL,C,5,5,105,19.2,.618,.000,.313,19.6,40.5,29.6,0.0,1.9,2.8,23.2,20.1,0.0,0.2,0.2,.112,-0.5,0.7,0.2,0.1,,drumman01\
125,Mike James,30,BRK,PG,9,0,103,6.2,.384,.372,.000,2.2,14.4,8.6,16.5,1.0,0.0,6.5,20.3,-0.2,0.1,-0.1,-0.029,-4.9,-0.9,-5.9,-0.1,,jamesmi02\
126,Duncan Robinson,26,MIA,SF,4,4,100,9.0,.614,.931,.345,0.0,11.2,5.4,5.0,1.5,0.0,10.7,16.4,0.0,0.1,0.1,.045,-1.6,0.8,-0.8,0.0,,robindu01\
127,Desmond Bane,22,MEM,SG,5,0,99,14.2,.737,.632,.000,2.1,18.3,9.5,12.5,1.9,2.2,13.6,9.4,0.2,0.0,0.2,.093,1.8,1.9,3.7,0.1,,banede01\
128,Trevor Ariza,35,MIA,SF,4,4,96,4.0,.413,.739,.000,1.9,22.2,11.7,3.2,1.5,1.0,11.5,11.9,-0.2,0.1,-0.1,-0.031,-5.7,1.0,-4.7,-0.1,,arizatr01\
129,Josh Richardson,27,DAL,SG,7,0,94,8.4,.532,.357,.321,3.5,10.4,6.8,7.6,1.1,0.0,15.8,18.3,0.0,0.0,0.0,-0.017,-3.6,-1.1,-4.7,-0.1,,richajo01\
130,Tyler Herro,21,MIA,SG,4,0,93,7.9,.450,.500,.184,1.0,13.1,6.8,12.8,0.5,1.0,6.8,20.8,-0.1,0.0,-0.1,-0.050,-0.8,-1.3,-2.2,0.0,,herroty01\
131,Kendrick Nunn,25,MIA,PG,4,2,93,7.5,.467,.419,.047,0.0,6.6,3.1,12.1,1.0,0.0,6.4,22.1,-0.2,0.0,-0.1,-0.071,-2.2,-1.6,-3.8,0.0,,nunnke01\
132,Nerlens Noel,26,NYK,C,5,2,92,12.7,.675,.000,1.600,10.9,12.2,11.5,1.6,2.2,3.2,19.0,10.1,0.1,0.2,0.3,.158,-3.6,3.1,-0.5,0.0,,noelne01\
133,Cam Reddish,21,ATL,SF,4,0,92,19.2,.668,.389,.139,1.2,15.3,8.3,12.6,3.2,1.9,11.6,20.8,0.2,0.2,0.3,.173,2.6,3.9,6.5,0.2,,reddica01\
134,Kemba Walker,30,BOS,PG,3,3,91,4.3,.419,.415,.244,0.0,16.1,7.6,20.1,0.6,0.0,15.0,24.9,-0.2,-0.1,-0.3,-0.163,-6.0,-3.0,-9.1,-0.2,,walkeke02\
135,Marc Gasol,36,LAL,C,5,1,87,18.7,.881,.846,.308,5.0,20.4,12.3,27.7,2.4,4.5,21.3,9.6,0.3,0.2,0.4,.245,2.9,7.8,10.7,0.3,,gasolma01\
136,De'Anthony Melton,22,MEM,PG,5,0,83,9.9,.467,.645,.161,4.9,17.4,10.7,7.6,0.6,5.1,8.3,18.4,0.0,0.0,-0.1,-0.030,-1.2,-1.7,-2.9,0.0,,meltode01\
137,Boban Marjanovi\uc0\u263 ,32,DAL,C,4,3,83,20.4,.547,.000,.231,18.6,26.6,22.4,8.4,0.0,1.3,8.5,25.7,0.2,0.0,0.2,.102,1.8,-1.5,0.3,0.0,,marjabo01\
138,Will Barton,30,DEN,SF,3,1,83,15.7,.547,.488,.093,1.3,17.7,8.8,15.3,1.2,1.1,8.2,25.6,0.0,0.0,0.1,.030,1.9,0.4,2.3,0.1,,bartowi01\
139,Immanuel Quickley,21,NYK,PG,5,0,77,2.4,.402,.333,.212,0.0,10.2,4.8,11.1,2.0,0.0,14.3,24.2,-0.3,0.1,-0.2,-0.112,-6.5,-0.1,-6.6,-0.1,,quickim01\
140,Aaron Nesmith,21,BOS,SF,5,0,75,3.5,.424,.778,.111,2.9,18.0,10.0,1.8,0.7,1.3,9.6,11.8,-0.1,-0.1,-0.1,-0.082,-4.9,-2.1,-7.0,-0.1,,nesmiaa01\
141,Robin Lopez,32,WAS,C,5,0,73,17.2,.691,.000,.160,5.7,7.8,6.7,0.0,0.0,4.4,3.6,15.9,0.2,0.0,0.2,.106,1.4,-1.2,0.2,0.0,,lopezro01\
142,Andre Iguodala,37,MIA,SF,4,0,71,9.5,.682,.636,.000,3.9,12.9,8.2,11.2,2.7,2.6,31.3,9.9,0.0,0.1,0.1,.043,-2.7,3.3,0.6,0.0,,iguodan01\
143,Donte DiVincenzo,24,MIL,SG,3,3,70,2.3,.250,.750,.000,3.0,26.6,14.6,13.8,2.1,1.3,27.3,13.5,-0.2,0.1,-0.1,-0.064,-6.7,2.2,-4.5,0.0,,divindo01\
144,Tyler Johnson,28,BRK,SG,8,0,69,6.6,.475,.647,.118,3.3,6.1,4.8,9.6,1.4,0.0,5.3,12.4,0.0,0.1,0.1,.067,-2.9,-1.0,-3.9,0.0,,johnsty01\
145,Frank Kaminsky,27,PHO,C,10,0,68,13.8,.490,.227,.045,3.5,18.6,11.5,29.2,1.5,4.1,15.1,17.8,0.0,0.1,0.1,.100,-0.5,5.4,4.9,0.1,,kaminfr01\
146,Payton Pritchard,23,BOS,SG,5,0,67,10.1,.475,.588,.118,3.3,12.8,7.8,25.2,1.5,0.0,14.4,13.2,0.0,-0.1,0.0,-0.010,-1.4,-0.8,-2.1,0.0,,pritcpa01\
147,Tony Snell,29,ATL,SG,9,0,66,-5.7,.156,.688,.000,0.0,8.2,4.1,3.9,1.5,1.3,20.0,13.4,-0.3,0.1,-0.3,-0.200,-9.4,-2.3,-11.7,-0.2,,snellto01\
148,Obi Toppin,22,NYK,PF,5,0,65,15.1,.624,.391,.261,6.2,15.6,10.6,5.8,0.0,1.5,10.5,19.5,0.1,0.1,0.2,.120,0.5,1.0,1.6,0.1,,toppiob01\
149,Willie Cauley-Stein,27,DAL,C,6,0,63,14.0,.727,.000,.333,5.3,25.3,14.8,6.6,1.7,6.9,22.5,9.6,0.1,0.1,0.1,.107,-2.5,3.4,0.8,0.0,,caulewi01\
150,Jabari Parker,25,BOS,PF,4,0,59,17.0,.693,.238,.381,3.7,27.0,14.7,5.8,0.0,4.8,19.7,21.9,0.1,0.0,0.0,.020,-0.9,0.5,-0.4,0.0,,parkeja01\
151,DeMarcus Cousins,30,LAC,C,7,0,58,25.6,.550,.238,.333,12.2,15.7,14.0,17.7,1.8,5.0,9.4,42.7,0.1,0.1,0.1,.115,0.6,-0.3,0.4,0.0,,couside01\
152,Grant Williams,22,BOS,PF,5,0,57,14.6,.638,.333,.250,5.8,15.0,10.1,10.1,0.9,6.6,7.0,10.6,0.1,0.0,0.1,.084,0.4,1.7,2.1,0.1,,willigr01\
153,Dewayne Dedmon,31,MIA,C,4,0,57,13.6,.619,.167,.278,13.1,17.8,15.4,9.7,0.0,3.2,22.9,20.2,0.0,0.0,0.0,.037,-2.4,-1.0,-3.4,0.0,,dedmode01\
154,Enes Freedom,28,POR,C,5,0,56,6.4,.563,.000,.250,12.7,14.1,13.4,0.0,0.0,3.3,25.3,9.6,0.0,0.0,0.0,.004,-5.3,-3.0,-8.3,-0.1,,kanteen01\
155,Dwight Powell,29,DAL,C,7,0,52,22.7,.893,.000,.750,10.6,18.9,14.5,16.9,2.0,0.0,8.6,10.2,0.3,0.0,0.3,.274,4.1,4.1,8.2,0.1,,poweldw01\
156,Elijah Bryant,25,MIL,SG,11,0,50,7.5,.350,.400,.000,4.2,21.9,12.9,11.0,2.0,1.8,9.1,18.9,-0.1,0.1,0.0,-0.018,-4.6,1.0,-3.6,0.0,,bryanel01\
157,Talen Horton-Tucker,20,LAL,SG,4,0,48,12.9,.496,.208,.208,4.5,29.5,16.5,8.6,1.1,0.0,10.3,27.1,-0.1,0.1,0.0,-0.002,-2.1,0.2,-1.9,0.0,,hortota01\
158,Tyus Jones,24,MEM,PG,5,0,47,10.4,.419,.235,.118,2.2,15.4,8.2,16.1,1.0,0.0,0.0,16.0,0.0,0.0,0.0,-0.011,-2.1,-1.0,-3.2,0.0,,jonesty01\
159,E'Twaun Moore,31,PHO,SG,7,0,46,11.4,.472,.278,.000,0.0,22.9,12.1,28.8,1.1,0.0,14.3,20.8,0.0,0.1,0.0,.034,-2.6,1.8,-0.7,0.0,,mooreet01\
160,Robert Williams,23,BOS,C,3,0,46,27.2,.638,.000,.143,19.1,18.6,18.9,7.2,1.1,18.5,6.3,14.6,0.1,0.0,0.2,.180,3.1,4.8,7.9,0.1,,williro04\
161,Thanasis Antetokounmpo,28,MIL,SF,13,0,45,10.0,.467,.000,.857,7.0,17.0,11.9,8.1,5.5,4.1,23.7,12.0,0.0,0.1,0.1,.116,-7.5,6.4,-1.1,0.0,,antetth01\
162,Alex Len,27,WAS,C,5,3,42,15.3,.585,.000,.500,10.0,18.9,14.3,7.3,1.1,0.0,5.5,18.0,0.1,0.0,0.1,.102,-0.6,-1.2,-1.8,0.0,,lenal01\
163,Miye Oni,23,UTA,SG,8,0,41,-3.6,.000,1.000,.000,8.9,0.0,4.3,0.0,1.2,0.0,0.0,5.4,-0.1,0.0,-0.1,-0.104,-8.8,-1.9,-10.7,-0.1,,onimi01\
164,Shaquille Harrison,27,DEN,SG,9,0,40,11.6,.846,.250,.750,0.0,24.4,11.3,9.6,3.7,7.1,48.4,11.2,0.0,0.1,0.0,.009,-3.6,6.3,2.6,0.0,,harrish01\
165,Montrezl Harrell,27,LAL,C,4,0,39,22.5,.640,.000,.643,13.9,15.1,14.5,0.0,2.6,0.0,10.0,22.8,0.1,0.1,0.2,.193,3.7,0.4,4.1,0.1,,harremo01\
166,Markieff Morris,31,LAL,PF,4,1,38,4.1,.387,.444,.667,11.4,0.0,5.9,11.9,0.0,2.6,14.7,16.0,0.0,0.0,0.0,-0.025,-5.8,-1.3,-7.1,0.0,,morrima02\
167,Rondae Hollis-Jefferson,26,POR,PF,5,0,36,15.1,.791,.000,.600,9.9,15.7,12.8,0.0,1.4,2.6,0.0,7.9,0.1,0.0,0.1,.159,0.1,-0.3,-0.2,0.0,,holliro01\
168,Ben McLemore,27,LAL,SG,4,0,36,1.0,.333,.667,.000,3.0,19.7,11.0,4.2,1.4,0.0,10.0,12.4,-0.1,0.0,0.0,-0.039,-6.6,1.4,-5.2,0.0,,mclembe01\
169,Mamadi Diakite,24,MIL,PF,7,0,35,3.4,.322,.200,.200,3.0,18.8,10.7,0.0,4.2,2.6,8.4,14.6,-0.1,0.1,0.0,.008,-9.1,2.4,-6.7,0.0,,diakima01\
170,Mike Scott,32,PHI,PF,5,0,34,4.9,.333,.778,.000,3.3,6.2,4.8,10.7,1.4,2.4,0.0,11.4,0.0,0.0,0.0,.029,-3.4,0.2,-3.2,0.0,,scottmi01\
171,JaVale McGee,33,DEN,C,4,0,34,12.3,.316,.200,.600,9.3,32.3,19.9,11.4,1.5,13.9,7.3,17.5,-0.1,0.1,0.0,-0.022,-4.5,3.5,-1.0,0.0,,mcgeeja01\
172,Kris Dunn,26,ATL,PG,5,0,33,6.2,.444,.200,.800,0.0,16.4,8.3,19.4,3.0,5.2,37.2,14.4,-0.1,0.1,0.0,-0.019,-6.7,4.9,-1.8,0.0,,dunnkr01\
173,Anthony Gill,28,WAS,PF,4,0,33,-8.8,.000,.333,.000,3.2,10.3,6.6,0.0,0.0,0.0,50.0,7.6,-0.1,0.0,-0.1,-0.209,-13.1,-4.0,-17.1,-0.1,,gillan01\
174,Jordan Nwora,22,MIL,SF,5,0,31,8.7,.356,.444,.389,17.0,14.1,15.6,4.4,0.0,2.9,4.5,30.5,-0.1,0.0,0.0,-0.043,-2.8,-5.1,-8.0,0.0,,nworajo01\
175,Sam Merrill,24,MIL,SG,8,0,30,8.3,.357,.714,.000,3.5,14.6,8.9,4.2,6.6,0.0,12.5,11.4,0.0,0.1,0.0,.062,-5.8,5.2,-0.5,0.0,,merrisa01\
176,Nemanja Bjelica,32,MIA,PF,2,0,30,22.1,.660,.727,.545,3.1,13.5,8.1,12.1,3.2,3.0,0.0,20.0,0.1,0.0,0.1,.221,6.4,3.7,10.1,0.1,,bjeline01\
177,Abdel Nader,27,PHO,SF,5,0,29,0.3,.333,.333,.000,0.0,18.1,9.6,0.0,0.0,0.0,0.0,9.4,0.0,0.0,0.0,-0.027,-6.7,-1.3,-8.0,0.0,,naderab01\
178,Timoth\'e9 Luwawu-Cabarrot,25,BRK,SF,7,0,25,3.1,.400,.600,.000,0.0,12.7,6.6,11.1,0.0,0.0,9.1,20.0,-0.1,0.0,0.0,-0.070,-3.6,-2.0,-5.7,0.0,,luwawti01\
179,Alize Johnson,24,BRK,PF,5,0,23,18.2,.571,.000,.000,15.1,46.0,31.2,0.0,6.5,0.0,30.0,19.7,0.0,0.1,0.0,.098,-1.3,2.3,1.0,0.0,,johnsal02\
180,Jevon Carter,25,PHO,PG,7,0,22,6.5,.338,.250,.250,0.0,9.6,5.1,25.4,0.0,0.0,0.0,18.4,0.0,0.0,0.0,-0.041,-3.4,-0.9,-4.2,0.0,,carteje01\
181,Reggie Perry,20,BRK,PF,5,0,22,20.5,.615,.385,.000,21.0,9.6,15.1,8.7,2.3,0.0,18.8,33.0,0.0,0.0,0.0,.078,0.2,-1.1,-0.9,0.0,,perryre01\
182,Vlatko \uc0\u268 an\u269 ar,23,DEN,PF,5,0,21,25.5,1.058,.333,1.667,0.0,17.5,8.1,6.6,2.4,4.5,16.1,12.8,0.1,0.0,0.1,.241,6.6,5.4,12.0,0.1,,cancavl01\
183,Chris Chiozza,25,BRK,PG,6,0,19,0.8,.357,.429,.000,0.0,5.6,2.9,7.2,2.6,0.0,12.5,19.1,-0.1,0.0,0.0,-0.106,-7.5,-0.6,-8.1,0.0,,chiozch01\
184,Nicol\'f2 Melli,30,DAL,PF,3,0,19,-1.4,.000,.500,.000,11.6,25.8,18.4,0.0,2.8,0.0,0.0,9.6,-0.1,0.0,-0.1,-0.137,-8.6,-1.4,-10.1,0.0,,mellini01\
185,Jalen Smith,20,PHO,PF,6,0,18,10.6,.625,.250,.000,13.1,17.5,15.5,7.5,0.0,0.0,20.0,12.7,0.0,0.0,0.0,.108,-1.3,0.2,-1.0,0.0,,smithja04\
186,Zeke Nnaji,20,DEN,PF,5,0,18,25.7,.676,.875,.250,5.8,6.8,6.3,17.4,2.8,0.0,0.0,21.5,0.1,0.0,0.1,.235,10.2,2.2,12.3,0.1,,nnajize01\
187,Xavier Tillman Sr.,22,MEM,PF,3,0,18,-0.9,.200,.200,.000,5.7,13.4,9.2,6.4,2.7,0.0,16.7,14.1,-0.1,0.0,-0.1,-0.194,-8.3,-2.7,-11.0,0.0,,tillmxa01\
188,Chandler Hutchison,24,WAS,SF,2,0,18,6.3,.510,.000,.400,0.0,18.9,9.1,7.6,0.0,0.0,14.5,16.0,0.0,0.0,0.0,-0.040,-3.7,-0.2,-3.9,0.0,,hutchch01\
189,Serge Ibaka,31,LAC,C,2,0,18,30.7,.644,.333,.667,6.5,19.0,12.9,17.1,2.9,16.2,11.4,22.7,0.1,0.0,0.1,.285,5.0,7.0,12.0,0.1,,ibakase01\
190,Skylar Mays,23,ATL,SG,7,0,17,21.6,.800,.000,.000,0.0,12.7,6.4,10.2,5.8,0.0,16.7,15.6,0.0,0.0,0.1,.195,0.8,6.0,6.8,0.0,,mayssk01\
191,Garrison Mathews,24,WAS,SG,3,0,17,-2.6,.323,1.000,1.250,0.0,13.3,6.4,0.0,0.0,0.0,0.0,15.3,0.0,0.0,0.0,-0.110,-11.1,-2.7,-13.7,-0.1,,mathega01\
192,Trey Burke,28,DAL,PG,2,0,17,-12.6,.063,.429,.286,6.5,0.0,3.4,7.2,0.0,0.0,0.0,21.0,-0.1,0.0,-0.1,-0.417,-11.9,-6.8,-18.7,-0.1,,burketr01\
193,Amir Coffey,23,LAC,SG,10,0,16,18.1,.788,.250,.250,0.0,14.3,7.2,10.0,3.2,0.0,18.4,15.8,0.0,0.0,0.0,.117,3.1,3.7,6.7,0.0,,coffeam01\
194,Yogi Ferrell,27,LAC,PG,9,0,15,11.5,.400,.200,.000,0.0,22.8,11.6,29.4,0.0,0.0,0.0,15.5,0.0,0.0,0.0,.049,-2.2,0.0,-2.2,0.0,,ferreyo01\
195,Daniel Oturu,21,LAC,C,8,0,15,12.1,.425,.200,.400,15.7,15.2,15.4,0.0,0.0,6.5,0.0,18.3,0.0,0.0,0.0,.056,-3.8,-2.2,-6.0,0.0,,oturuda01\
196,Justin Jackson,25,MIL,SF,5,0,15,15.8,.600,.400,.000,7.0,7.3,7.1,10.0,3.3,0.0,16.7,17.1,0.0,0.0,0.0,.112,1.2,2.9,4.1,0.0,,jacksju01\
197,Langston Galloway,29,PHO,SG,2,0,15,-7.1,.134,.286,.143,0.0,14.0,7.4,8.5,0.0,6.1,0.0,22.6,-0.1,0.0,-0.1,-0.318,-12.2,-2.5,-14.6,0.0,,gallola01\
198,Nathan Knight,23,ATL,PF,6,0,14,2.7,.254,.286,.286,0.0,46.3,23.4,0.0,0.0,12.3,0.0,24.9,-0.1,0.0,-0.1,-0.181,-10.4,-0.4,-10.8,0.0,,knighna01\
199,Gabe Vincent,24,MIA,PG,3,0,14,12.7,.833,.667,.000,0.0,7.3,3.5,24.9,0.0,0.0,25.0,12.5,0.0,0.0,0.0,.073,2.3,-0.5,1.8,0.0,,vincega01\
200,Elfrid Payton,26,NYK,PG,2,2,13,-8.8,.085,.000,.400,0.0,0.0,0.0,10.7,3.9,0.0,0.0,20.1,-0.1,0.0,-0.1,-0.298,-13.1,0.0,-13.0,0.0,,paytoel01\
201,Bruno Fernando,22,ATL,C,6,0,12,20.2,.773,.000,.667,9.2,0.0,4.5,0.0,0.0,0.0,0.0,14.3,0.1,0.0,0.1,.248,5.7,-1.7,4.0,0.0,,fernabr01\
202,Precious Achiuwa,21,MIA,PF,3,0,12,8.1,.608,.000,1.000,0.0,50.8,24.3,0.0,0.0,15.2,41.0,35.7,-0.1,0.0,-0.1,-0.309,-11.3,2.8,-8.5,0.0,,achiupr01\
203,Alfonzo McKinnie,28,LAL,SF,2,0,12,-10.6,.000,.667,.000,0.0,9.8,4.7,0.0,0.0,0.0,0.0,11.2,-0.1,0.0,-0.1,-0.239,-12.5,-3.6,-16.0,0.0,,mckinal01\
204,Semi Ojeleye,26,BOS,PF,2,0,12,-3.8,.102,.750,.500,0.0,0.0,0.0,0.0,4.2,7.9,0.0,17.2,-0.1,0.0,-0.1,-0.314,-10.9,-3.0,-13.9,0.0,,ojelese01\
205,Paul Reed,21,PHI,PF,3,0,11,24.5,.500,.000,.000,31.0,48.2,39.9,0.0,0.0,7.4,0.0,15.7,0.0,0.0,0.1,.256,2.7,-1.9,0.8,0.0,,reedpa01\
206,Isaac Bonga,21,WAS,SF,4,0,10,-15.3,.000,.600,.000,0.0,0.0,0.0,0.0,0.0,8.1,0.0,20.9,-0.1,0.0,-0.1,-0.497,-13.8,-6.2,-20.0,0.0,,bongais01\
207,Trent Forrest,22,UTA,PG,4,0,10,7.9,.500,.000,.000,0.0,0.0,0.0,0.0,0.0,0.0,0.0,17.7,0.0,0.0,0.0,-0.046,-2.7,-4.2,-6.9,0.0,,forretr01\
208,Axel Toupane,28,MIL,SF,4,0,10,22.7,.625,.500,.000,21.0,21.9,21.4,0.0,0.0,0.0,0.0,17.1,0.0,0.0,0.1,.241,5.9,-1.2,4.8,0.0,,toupaax01\
209,Derrick Jones Jr.,23,POR,SF,2,0,10,5.8,.400,.400,.000,0.0,0.0,0.0,0.0,5.1,0.0,0.0,22.5,0.0,0.0,0.0,-0.099,-7.9,-0.7,-8.6,0.0,,jonesde02\
210,Isaiah Joe,21,PHI,SG,4,0,9,-0.3,.333,.667,.000,0.0,0.0,0.0,14.3,0.0,0.0,0.0,14.4,0.0,0.0,0.0,-0.038,-9.0,-2.2,-11.2,0.0,,joeis01\
211,Nassir Little,20,POR,PF,3,0,9,5.5,.434,1.000,1.000,0.0,12.5,6.4,0.0,0.0,10.3,14.8,33.9,0.0,0.0,0.0,-0.228,-4.6,-3.7,-8.3,0.0,,littlna01\
212,Brandon Clarke,24,MEM,PF,2,0,9,9.9,.500,.000,.000,0.0,13.4,6.1,0.0,0.0,11.9,0.0,9.4,0.0,0.0,0.0,-0.001,-2.9,0.3,-2.6,0.0,,clarkbr01\
213,Jay Scrubb,20,LAC,SG,6,0,8,1.6,,,,0.0,14.3,7.2,0.0,0.0,0.0,,0.0,0.0,0.0,0.0,.013,-4.6,-0.4,-5.0,0.0,,scrubja01\
214,CJ Elleby,20,POR,SF,2,0,8,0.4,.000,.000,.000,14.8,28.2,21.7,14.8,0.0,0.0,50.0,11.3,0.0,0.0,0.0,-0.177,-4.6,-2.3,-6.8,0.0,,ellebcj01\
215,T.J. Leaf,23,POR,PF,3,0,7,41.6,.750,.000,.000,33.8,16.1,24.8,0.0,0.0,0.0,0.0,25.8,0.1,0.0,0.0,.332,13.2,-2.5,10.6,0.0,,leaftj01\
216,Matt Thomas,26,UTA,SG,3,0,7,-12.0,.000,.000,.000,0.0,15.9,8.3,0.0,0.0,0.0,0.0,12.7,0.0,0.0,0.0,-0.317,-15.3,-5.6,-20.9,0.0,,thomama02\
217,Bol Bol,21,DEN,PF,3,0,6,5.7,.000,1.000,.000,0.0,20.4,9.4,38.8,0.0,0.0,0.0,7.3,0.0,0.0,0.0,-0.042,-0.5,3.3,2.8,0.0,,bolbo01\
218,Tremont Waters,23,BOS,PG,3,0,6,5.4,.376,.500,.750,0.0,0.0,0.0,52.6,8.3,0.0,27.3,51.7,-0.1,0.0,-0.1,-0.460,-6.1,-3.0,-9.1,0.0,,watertr01\
219,Juwan Morgan,23,UTA,PF,2,0,6,11.4,,,,20.2,18.6,19.4,20.1,0.0,0.0,,0.0,0.0,0.0,0.0,.178,1.0,1.7,2.7,0.0,,morgaju01\
220,KZ Okpala,21,MIA,PF,2,0,6,-6.6,.000,1.000,.000,0.0,0.0,0.0,0.0,0.0,0.0,0.0,7.3,0.0,0.0,0.0,-0.203,-9.6,-5.3,-14.8,0.0,,okpalkz01\
221,Max Strus,24,MIA,SF,2,0,6,-6.6,.000,.000,.000,0.0,0.0,0.0,0.0,0.0,0.0,0.0,7.3,0.0,0.0,0.0,-0.203,-10.2,-6.2,-16.4,0.0,,strusma01\
222,Jared Dudley,35,LAL,PF,2,0,5,0.0,,,,0.0,0.0,0.0,0.0,0.0,0.0,,0.0,0.0,0.0,0.0,.022,-5.2,0.0,-5.2,0.0,,dudleja01\
223,Carsen Edwards,22,BOS,SG,2,0,5,34.9,.833,.667,.000,0.0,24.5,11.6,0.0,0.0,0.0,0.0,25.4,0.0,0.0,0.0,.186,12.6,0.6,13.2,0.0,,edwarca01\
224,Luke Kornet,25,BOS,C,2,0,5,27.3,.798,.000,2.000,0.0,73.5,34.7,0.0,0.0,0.0,0.0,15.9,0.0,0.0,0.0,.212,5.8,0.2,6.0,0.0,,kornelu01\
225,Cassius Winston,22,WAS,PG,1,0,5,-7.3,.333,.333,.000,21.0,22.6,21.8,31.0,0.0,0.0,40.0,41.8,-0.1,0.0,-0.1,-0.568,-11.8,-6.3,-18.1,0.0,,winstca01\
226,Frank Ntilikina,22,NYK,PG,3,0,4,-10.4,.000,1.000,.000,0.0,0.0,0.0,0.0,0.0,0.0,0.0,11.1,0.0,0.0,0.0,-0.246,-13.7,-5.9,-19.6,0.0,,ntilila01\
227,Keljin Blevins,25,POR,SF,2,0,4,5.8,.500,.500,.000,0.0,0.0,0.0,0.0,0.0,0.0,0.0,22.5,0.0,0.0,0.0,-0.070,-9.3,-3.2,-12.5,0.0,,blevike01\
228,Harry Giles,22,POR,C,1,0,4,-26.5,.000,.000,.000,59.1,28.2,43.3,0.0,0.0,0.0,75.0,45.1,-0.1,0.0,-0.1,-1.045,-33.2,-16.6,-49.8,0.0,,gilesha01\
229,Josh Green,20,DAL,SG,1,0,4,0.0,,,,0.0,0.0,0.0,0.0,0.0,0.0,,0.0,0.0,0.0,0.0,-0.029,-6.2,-0.5,-6.8,0.0,,greenjo02\
230,Kevin Knox,21,NYK,SF,1,0,4,43.4,1.136,,,0.0,28.2,13.2,34.9,0.0,24.4,0.0,9.8,0.0,0.0,0.1,.627,19.3,17.1,36.4,0.0,,knoxke01\
231,Jarrell Brantley,24,UTA,PF,2,0,3,-19.3,.266,.000,2.000,0.0,37.2,19.4,0.0,0.0,0.0,34.7,42.5,0.0,0.0,0.0,-0.754,-19.3,-8.8,-28.1,0.0,,brantja01\
232,Ersan \uc0\u304 lyasova,33,UTA,PF,1,0,3,41.9,.694,.500,1.000,0.0,0.0,0.0,0.0,0.0,0.0,0.0,42.5,0.0,0.0,0.0,.419,9.5,-2.4,7.2,0.0,,ilyaser01\
233,John Konchar,24,MEM,SG,1,0,3,3.9,.000,1.000,.000,0.0,40.2,18.4,0.0,0.0,35.6,0.0,14.1,0.0,0.0,0.0,-0.230,-7.2,4.6,-2.6,0.0,,konchjo01\
234,Justise Winslow,24,MEM,SF,1,0,3,14.0,,,,0.0,40.2,18.4,36.2,0.0,0.0,,0.0,0.0,0.0,0.0,.126,3.6,7.3,10.9,0.0,,winslju01\
235,Anthony Tolliver,35,PHI,PF,1,0,2,-7.3,,,,0.0,0.0,0.0,0.0,0.0,0.0,,0.0,0.0,0.0,0.0,.037,-16.7,0.8,-15.9,0.0,,tollian01\
236,Rayjon Tucker,23,PHI,PG,1,0,2,3.5,.568,,,0.0,0.0,0.0,0.0,0.0,0.0,0.0,18.9,0.0,0.0,0.0,.125,-14.1,-2.3,-16.4,0.0,,tuckera01\
237,Ty-Shon Alexander,22,PHO,SG,1,0,1,79.0,1.000,.000,.000,0.0,0.0,0.0,0.0,0.0,0.0,0.0,45.7,0.0,0.0,0.0,1.248,23.7,5.9,29.5,0.0,,alexaty01\
238,Udoka Azubuike,21,UTA,C,1,0,1,12.0,,,,0.0,100.0,58.1,0.0,0.0,0.0,,0.0,0.0,0.0,0.0,.116,2.2,1.8,3.9,0.0,,azubuud01\
239,Tacko Fall,25,BOS,C,1,0,1,11.9,,,,0.0,100.0,57.8,0.0,0.0,0.0,,0.0,0.0,0.0,0.0,.092,1.2,-0.5,0.7,0.0,,fallta01\
,League Average,,,,,,,,.571,.395,.256,4.6,15.4,10.0,14.3,1.4,1.7,10.6,19.9,,,,,,,,,,-9999